Product Engineering,") Intern, Product Engineering",https://dejobs.org/tempe-az/intern-product-engineering/971CB5233CE34D7DA05DF6B8B55EA969/job/?vs=25
Product Engineering,) Product Engineering Supervisor,https://dejobs.org/winston-salem-nc/product-engineering-supervisor/0AD0E2DF6A89498384011E8128C1A490/job/?vs=25
Product Engineering,) Product Engineering Specialist (Intern),https://dejobs.org/pittsburgh-pa/product-engineering-specialist-intern/524761AC2F95420CA406F408BEC385A7/job/?vs=25
Product Engineering,"IT Product Engineering Windows System Manager (#1,36,56,14,509)",https://en-in.gigajob.com/job-offer-for-IT-Product-Engineering-Windows-System-Manager-in-Hyderabad-o1365614509
Product Engineering,Product Engineering Software Architect - Automotive - Kolkata,https://en-in.gigajob.com/job-offer-for-Product-Engineering-Software-Architect-Automotive-Kolkata-in-Kolkata-o1350820431



Systems Biology,"Rabies Diagnostics Market 2018-2028: Bio-Rad Laboratories, Inc, Merck KGaA, Norgen Biotek Corp, Aviva Systems Biology Corporation",http://www.sbwire.com/press-releases/rabies-diagnostics-market-2018-2028-bio-rad-laboratories-inc-merck-kgaa-norgen-biotek-corp-aviva-systems-biology-corporation-1149224.htm
Systems Biology,Systems biology brings tailor-made approach to metabolic syndrome within sight,https://medicalxpress.com/news/2018-12-biology-tailor-made-approach-metabolic-syndrome.html
Systems Biology,"IL10 Antibody Market Prospects, Outlook and Growth Analysis for the Period 2018-2025 | Aviva Systems Biology Corporation(USA), Atlas Antibodies(Sweden), Abbexa Ltd(UK), Abiocode(US).",https://www.industrynewscolumn.com/2018/12/19/3998/il10-antibody-market-prospects-outlook-and-growth-analysis-for-the-period-2018-2025-aviva-systems-biology-corporationusa-atlas-antibodiessweden-abbexa-ltduk-abiocodeus/
Systems Biology,"CEACAM8(Antigen gene) Market Outlook: Upcoming Demand & Growth Prospect 2018-2025 key players Aviva Systems Biology Corporation(USA), Abbexa Ltd(UK), ProSci(US),",https://www.military-technologies.net/2018/11/27/ceacam8antigen-gene-market-outlook-upcoming-demand-growth-prospect-2018-2025-key-players-aviva-systems-biology-corporationusa-abbexa-ltduk-proscius/
Systems Biology,Scientist Systems Biology,https://www.connecticum.de/Jobboerse/Scientist-Systems-Biology-Stellenangebot-1149661.html



Medical Imaging,Medical Imaging Sensors Market Research Study Analysed in New Report 2019,http://www.sbwire.com/press-releases/medical-imaging-sensors-market-research-study-analysed-in-new-report-2019-1173450.htm
Medical Imaging,"AI in Medical Imaging Market 2027 – Top Companies Medtronic, EchoNous, Enlitic, Siemens Healthcare GmbH, Intel Corporation and NVIDIA Corporation",https://empowerednews.net/ai-in-medical-imaging-market-2027-top-companies-medtronic-echonous-enlitic-siemens-healthcare-gmbh-intel-corporation-and-nvidia-corporation/181492680/
Medical Imaging,Medical Imaging Markets: Global Analysis & Outlook to 2024 with Oncology Leading by Application,https://www.finanzen.ch/nachrichten/aktien/medical-imaging-markets-global-analysis-&-outlook-to-2024-with-oncology-leading-by-application-1028034590
Medical Imaging,"Medical Imaging Workstations Market Growth, Revenue, Type, Application, Manufacturers, Future Projections 2024 – General Electric, Koninklijke Philips, Canon Medical Systems, Carl Zeiss Meditec, Fujifilm Holdings",https://empowerednews.net/medical-imaging-workstations-market-growth-revenue-type-application-manufacturers-future-projections-2024-general-electric-koninklijke-philips-canon-medical-systems-carl-zeiss-meditec-fujif/181491875/
Medical Imaging,Federated Learning for Medical Imaging,https://www.intel.ai/federated-learning-for-medical-imaging/

Biomaterials,Dental Bone Graft Substitutes and Other Biomaterials Market: Increasing Number of Dental Implant Procedures Is Likely to Augment the Global Market,http://www.sbwire.com/press-releases/dental-bone-graft-substitutes-/release-1169694.htm
Biomaterials,Increasing Demand for Biomaterials Market to Fuel Revenue Growth Through 2016 - 2024,http://www.sbwire.com/press-releases/increasing-demand-for-biomaterials-market-to-fuel-revenue-growth-through-2016-2024-1168497.htm
Biomaterials,Tokyo Tech professor Fujie selected as ‘Emerging Investigators 2019’ by Biomaterials Science,https://bioengineer.org/tokyo-tech-professor-fujie-selected-as-emerging-investigators-2019-by-biomaterials-science/
Biomaterials,Tokyo Tech professor Fujie selected as 'Emerging Investigators 2019' by Biomaterials Science,https://scienmag.com/tokyo-tech-professor-fujie-selected-as-emerging-investigators-2019-by-biomaterials-science/
Biomaterials,Global Natural Biomaterials Market to Surpass US$ 194.29 Billion by 2027 – Coherent Market Insights,https://www.businesswire.com/news/home/20190311005543/en/Global-Natural-Biomaterials-Market-Surpass-194.29-Billion


Biomedical Engineering,"Holy Spirit Hospital - Biomedical Engineering (#1,38,90,99,165)",https://en-in.gigajob.com/job-offer-for-Holy-Spirit-Hospital-Biomedical-Engineering-in-India-o1389099165
Biomedical Engineering,Biomedical Engineering,https://en-in.gigajob.com/CV-for-Biomedical-Engineering-in-India-a1380524893
Biomedical Engineering,"Biomedical Engineering, Duke University",https://academicjobsonline.org/ajo/Duke/BME/13398
Biomedical Engineering,UDC’s biomedical engineering research program seeking stroke survivors for NSF-funded study,https://www.foresthillsconnection.com/news/udcs-biomedical-engineering-research-program-seeking-stroke-survivors-for-nsf-funded-study/
Biomedical Engineering,"Biomedical Engineering, Duke University",https://academicjobsonline.org/ajo/Duke/BME/13383

