Supply Chain Analytics,"As Per New Study, the Global Supply Chain Analytics Software Market Booming Worldwide by 2019-2026: Key Players Like SAP, PeopleSoft, JDA, Manhattan, Ariba, SAS, IBM",http://www.sbwire.com/press-releases/as-per-new-study-the-global-supply-chain-analytics-software-market-booming-worldwide-by-2019-2026-key-players-like-sap-peoplesoft-jda-manhattan-ariba-sas-ibm-1171326.htm
Supply Chain Analytics,Global Supply Chain Analytics Market Overview 2028,https://chollywood.info/global-supply-chain-analytics-market-overview-2019-2028-microstrategy-birst-sap-se-kinaxis-sas-institute/
Supply Chain Analytics,"Latest Newfangled Report on Blockchain & Supply Chain Analytics Market: IBM, Microsoft, Oracle, SAP, AWS, Huawei, Bitfury, Auxesis Group, TIBCO Software, BTL Group",http://www.sbwire.com/press-releases/latest-newfangled-report-on-blockchain-supply-chain-analytics-market-ibm-microsoft-oracle-sap-aws-huawei-bitfury-auxesis-group-tibco-software-btl-group-1168012.htm
Supply Chain Analytics,"Global Supply Chain Analytics Market Incisive Insights Regarding Major Regions, Key Players And Opportunities Up To 2028",https://chollywood.info/global-supply-chain-analytics-market-incisive-insights-regarding-major-regions-key-players-and-opportunities-up-to-2028/
Supply Chain Analytics,"SUPPLY CHAIN ANALYTICS MARKET – GLOBAL INDUSTRY ANALYSIS, SIZE, SHARE, GROWTH, TRENDS AND FORECAST 2019 – 2025",https://empowerednews.net/supply-chain-analytics-market-global-industry-analysis-size-share-growth-trends-and-forecast-2019-2025/181482454/

Analytics,"MYnd Analytics Inc (MYND) Director Acquires $168,000.00 in Stock",https://www.themarketsdaily.com/2019/03/17/mynd-analytics-inc-mynd-director-acquires-168000-00-in-stock.html
Analytics,"Web Analytics Consultant – Home Based, Maidstone",http://uk.jobrat.net/2019/03/17/web-analytics-consultant-home-based-maidstone/
Analytics,"DE Jobs - ION Media Networks, Inc. Senior Analyst, Revenue Analytics in New York, New York, United States",https://dejobs.org/new-york-ny/senior-analyst-revenue-analytics/7B2BF638364E4F71A08187B1C0142E09/job/?vs=25
Analytics,"Verisk Analytics, Inc. (VRSK) Position Lowered by Nicholas Company Inc.",https://www.dispatchtribunal.com/2019/03/16/verisk-analytics-inc-vrsk-position-lowered-by-nicholas-company-inc.html
Analytics,"Business Analytics Software Market Was Valued at $44,135 Million in 2017, and Is Expected to Reach $82,687 Million in 2023, Growing at a CAGR of +9% from 2019 to 2025.",http://www.sbwire.com/press-releases/business-analytics-software-market-was-valued-at-44135-million-in-2017-and-is-expected-to-reach-82687-million-in-2023-growing-at-a-cagr-of-9-from-2019-to-2025-1173652.htm

Manufacturing Engineering,AGM Manufacturing Engineering,https://en-in.gigajob.com/job-offer-for-AGM-Manufacturing-Engineering-in-India-o1374678417
Manufacturing Engineering,) Manufacturing Engineering Manager,https://dejobs.org/tamil-nadu-ind/manufacturing-engineering-manager/EDE244A81F844616872DAC04FD6B4BC4/job/?vs=25
Manufacturing Engineering,"AM/DM - Manufacturing Engineering (5-9 yrs) Delhi/Delhi NCR/Manesar (Production) (#1,36,46,42,144)",https://en-in.gigajob.com/job-offer-for-AM-Manufacturing-Engineering-5-9-yrs-Delhi-Delhi-NCR-Manesar-Production-in-Delhi-o1364642144
Manufacturing Engineering,"Manager - Manufacturing Engineering - Weld Shop (#1,36,41,66,628)",https://en-in.gigajob.com/job-offer-for-Manager-Manufacturing-Engineering-Weld-Shop-in-Chennai-o1364166628
Manufacturing Engineering,) Intern -- Manufacturing Engineering,https://dejobs.org/hauppauge-ny/intern-manufacturing-engineering/D15399EF8192480681CF620F504DC719/job/?vs=25

Supply Chain Management,"Future Prospect of Financial Supply Chain Management Market 2019-2026: Comprehensive Study by Key Players- Aurionpro, Samehara, Nucleus Software, ARIBA, Other",http://www.sbwire.com/press-releases/future-prospect-of-financial-supply-chain-management-market-2019-2026-comprehensive-study-by-key-players-aurionpro-samehara-nucleus-software-ariba-other-1173809.htm
Supply Chain Management,"Healthcare Supply Chain Management Market (2019- 2026) Size, Share, Forecast and Trend Analysis by Top Players: McKesson, SAP SE, Oracle Corporation, Infor, HighJump, Kin",http://www.sbwire.com/press-releases/healthcare-supply-chain-management-market-2019-2026-size-share-forecast-and-trend-analysis-by-top-players-mckesson-sap-se-oracle-corporation-infor-highjump-kin-1173718.htm
Supply Chain Management,"Cloud Supply Chain Management Market to 2027 – Global Analysis and Forecasts By Solution (Transportation Management, Order Management, Procurement & Sourcing, Warehouse Management, and Others); Deployment Type (Private Cloud, Public Cloud, and Hybrid Cloud); Enterprise Size (Large Enterprise and Small & Medium Enterprise); Industrial Vertical (Food & Beverage, Medical & Healthcare, Manufacturing, Retail & E-commerce, and Others)",https://empowerednews.net/cloud-supply-chain-management-market-to-2027-global-analysis-and-forecasts-by-solution-transportation-management-order-management-procurement-sourcing-warehouse-management-and-others-de/181492088/
Supply Chain Management,"Cloud Supply Chain Management Market Overview, Business Opportunities, Growth Impact and Top Key Players: Cloudlogix, Highjump, Infor, JDA Software Group, Kewill, Kinaxis, Logility, Manhattan Associates, Oracle Corporation, SAP SE",https://empowerednews.net/cloud-supply-chain-management-market-overview-business-opportunities-growth-impact-and-top-key-players-cloudlogix-highjump-infor-jda-software-group-kewill-kinaxis-logility-manhattan-associat/181491780/
Supply Chain Management,New Cin7 App Store Fast Tracks Implementation of Comprehensive Supply Chain Management,https://www.tmcnet.com/usubmit/2017/05/23/8551225.htm


Systems Engineering,"Integrated Systems Engineering, The Ohio State University",https://academicjobsonline.org/ajo/OSU/ISE/13426
Systems Engineering,) Senior Engines Systems Engineering Manager,https://dejobs.org/kent-wa/senior-engines-systems-engineering-manager/8C42D13685524745B860DE581E9E1278/job/?vs=25
Systems Engineering,") Systems Engineering Manager, Healthcare - West",https://dejobs.org/seattle-wa/systems-engineering-manager-healthcare-west/852B45E883A54EE199B6B73B204C1D2D/job/?vs=25
Systems Engineering,") Senior Manager Systems Engineering,",https://dejobs.org/fort-worth-tx/senior-manager-systems-engineering/EB496C58B2E24782B06BEF4C005C8EF5/job/?vs=25
Systems Engineering,") Design Discipline Chief, Compression Systems Engineering",https://dejobs.org/west-palm-beach-fl/design-discipline-chief-compression-systems-engineering/2107FCA8FF694CB78936ED8061F2821A/job/?vs=25

Operations Research,"DE Jobs - Ball Corporation / Ball Aerospace Engineer I - Operations Research Analyst / Mission Analyst (666328) in Westminster, Colorado, United States",https://dejobs.org/westminster-co/engineer-i-operations-research-analyst-mission-analyst-666328/6D83775F8A3D42DEA061B5544850C3E5/job/?vs=25
Operations Research,"DE Jobs - Ball Corporation / Ball Aerospace Senior Engineer - Operations Research Analyst / Mission Analyst (666339) in Westminster, Colorado, United States",https://dejobs.org/westminster-co/senior-engineer-operations-research-analyst-mission-analyst-666339/506D6D6F2329438BA316C7314AC6D0EB/job/?vs=25
Operations Research,"DE Jobs - Ball Corporation / Ball Aerospace Senior Engineer - Operations Research Analyst / Mission Analyst (666341) in Westminster, Colorado, United States",https://dejobs.org/westminster-co/senior-engineer-operations-research-analyst-mission-analyst-666341/50540E0304134CF58B35F6F4FBC7D6BF/job/?vs=25
Operations Research,"DE Jobs - Ball Corporation / Ball Aerospace Engineer II - Operations Research Analyst / Mission Analyst (666331) in Westminster, Colorado, United States",https://dejobs.org/westminster-co/engineer-ii-operations-research-analyst-mission-analyst-666331/2BAF726FFAB14BCE8A28C29BA019D948/job/?vs=25
Operations Research,) Operations Research Analyst,https://dejobs.org/pax-river-md/operations-research-analyst/0E259F089D16479F98CFB288012E3374/job/?vs=25

Production,"Innovation Management Market Analysis by Competition, Production, Sales, Key Findings and Growth Prediction By 2023",https://bgazette.com/2019/03/17/innovation-management-market-analysis-by-competition-production-sales-key-findings-and-growth-prediction-by-2023/
Production,"Data Center Construction Market Report Contributing Key Vendors, Production Technology and Market Growth Strategies By 2024",https://bgazette.com/2019/03/17/data-center-construction-market-report-contributing-key-vendors-production-technology-and-market-growth-strategies-by-2024/
Production,Russia Bans A Teen Theatre Production; Police Question Director,https://www.artsjournal.com/2019/03/russia-bans-a-teen-theatre-production-police-question-director.html
Production,Constraints on anomalous HVV couplings from the production of Higgs bosons decaying to $\tau$ lepton pairs,http://cds.cern.ch/record/2667207
Production,) HOURLY: Summer Student Packer – Production Department,https://dejobs.org/lake-forest-il/hourly-summer-student-packer-production-department/83D43D4D73F74731BCC6B9291F4ECB5E/job/?vs=25

Instrumentation,"Class 1E Nuclear Power Plant Instrumentation Cables Market Future Trends and Forecast (2019-2026) by Industry Top Vendors: Nexans, General Cable, RSCC Wire & Cable, Habia",http://www.sbwire.com/press-releases/class-1e-nuclear-power-plant-instrumentation-cables-market-future-trends-and-forecast-2019-2026-by-industry-top-vendors-nexans-general-cable-rscc-wire-cable-habia-1173713.htm
Instrumentation,"NanoRobots Market Leading Key Players, Global Trends, Industry Analysis and Future Forecasts to 2025 – Bruker, Jeol, Thermo Fisher, Ginkgo Bioworks, Oxford Instruments, Ev Group, Imina Technologies, Toronto Nano Instrumentation",https://empowerednews.net/nanorobots-market-leading-key-players-global-trends-industry-analysis-and-future-forecasts-to-2025-bruker-jeol-thermo-fisher-ginkgo-bioworks-oxford-instruments-ev-group-imina-technologies-t/181491956/
Instrumentation,) Instrumentation and Control Engineer,https://dejobs.org/greenville-sc/instrumentation-and-control-engineer/BF86406EBAFC4AB1A843198F9B41A0F1/job/?vs=25
Instrumentation,) Instrumentation Systems Specialist,https://thecloroxcompany.dejobs.org/burnside-ky/instrumentation-systems-specialist/C57381BA337340F6A19DD9101398FA8C/job/?vs=25
Instrumentation,"Global Instrumentation Services Market 2019 – By Market Share, Industry Size, Demand, Types, Development Trends, Verticals, Upcoming Opportunities Till 2023",http://www.sbwire.com/press-releases/release-1170219.htm

Industrial Engineering,"Student Mechanical Engineering, Aerospace Engineering, Industrial Engineering or similar - Software tool facilitating the aircraft design",https://www.connecticum.de/Jobboerse/Student-Mechanical-Engineering-Aerospace-Engineering-Industrial-Engineering-or-similar-Software-tool-facilitating-the-aircraft-design-Stellenangebot-1194563.html
Industrial Engineering,"WIDIA Global Industrial Engineering Manager (#1,38,16,45,282)",https://en-in.gigajob.com/job-offer-for-WIDIA-Global-Industrial-Engineering-Manager-in-Bangalore-o1381645282
Industrial Engineering,) .NET Developer -- Thriving Industrial Engineering Manufacturer,https://dejobs.org/dallas-tx/net-developer-thriving-industrial-engineering-manufacturer/D73547426C87462AB7D7442C873C71FB/job/?vs=25
Industrial Engineering,) Industrial Engineering Intern,https://dejobs.org/clinton-ny/industrial-engineering-intern/9A2E3F3F3D17403291375BFB5AE73D1B/job/?vs=25
Industrial Engineering,) Industrial Engineering Manager,https://dejobs.org/portland-or/industrial-engineering-manager/D023BA0BBB5547718A71C9A9536B9D8D/job/?vs=25

