Dynamics and Control,Modeling the Spread of Alfalfa Stem Nematodes: Insights into their Dynamics and Control,https://digitalcommons.usu.edu/etd/7055/
Dynamics and Control,Dynamics and Control of Structures,https://www.military-technologies.net/2018/02/25/dynamics-and-control-of-structures/
Dynamics and Control,Dynamics and Control of Structures,https://www.satprnews.com/2018/02/25/dynamics-and-control-of-structures/
Dynamics and Control,Simple-topology switched-mode DC-DC converters : dynamics and control,http://cds.cern.ch/record/2305588
Dynamics and Control,Dynamics and Control of Process Systems 1998 (2-Volume Set). IFAC Proceedings Volumes,https://www.military-technologies.net/2018/02/20/dynamics-and-control-of-process-systems-1998-2-volume-set-ifac-proceedings-volumes/

Material Engineering,Senior Lecturer (Metallurgical and Material Engineering) at the University of Lagos (UNILAG),https://www.hotnigerianjobs.com/hotjobs/199418/senior-lecturer-metallurgical-and-material-enginee.html
Material Engineering,2 Day Conference: Advanced Material Engineering - ResearchAndMarkets.com,https://www.marketscreener.com/news/2-Day-Conference-Advanced-Material-Engineering-ResearchAndMarkets-com--27137681/
Material Engineering,"Advances in Medical Tribology Orthopaedic Implants and Implant Material – Engineering, Manufacturing and Construction, Mechanical Engineering Industries",https://www.satprnews.com/2018/03/12/advances-in-medical-tribology-orthopaedic-implants-and-implant-material-engineering-manufacturing-and-construction-mechanical-engineering-industries/
Material Engineering,"Advances in Medical Tribology Orthopaedic Implants and Implant Material – Engineering, Manufacturing and Construction, Mechanical Engineering Industries",https://www.military-technologies.net/2018/03/12/advances-in-medical-tribology-orthopaedic-implants-and-implant-material-engineering-manufacturing-and-construction-mechanical-engineering-industries/

Renewable Energy,"Quant Signals Under Scrutiny For Bottomline Technologies (de), Inc. (NasdaqGS:EPAY), Renewable Energy Group, Inc. (NasdaqGS:REGI)",https://wallstreet.org/quant-signals-under-scrutiny-for-bottomline-technologies-de-inc-nasdaqgsepay-renewable-energy-group-inc-nasdaqgsregi/03/16/2019/
Renewable Energy,"Renewable Energy Storage System Market Significant Demand Foreseen by 2025 key players GE Renewable Energy, ABB, Exide Industries, LG Chem, Panasonic, Acta S.p.a., Sunverge, Schneider Electric Solar",https://operanewsnow.com/renewable-energy-storage-system-market-significant-demand-foreseen-by-2025-key-players-ge-renewable-energy-abb-exide-industries-lg-chem-panasonic-acta-s-p-a-sunverge-schneider-electric-solar/9517/
Renewable Energy,US Corporations Driving Up Demand for Renewable Energy,https://cleanenergy.org/blog/us-corporations-driving-up-demand-for-renewable-energy/
Renewable Energy,German Offshore Wind Developer Joins N.H. Renewable Energy Group,https://www.nhpr.org/post/german-offshore-wind-developer-joins-nh-renewable-energy-group
Renewable Energy,UK renewable energy production reaches record high in 2018,http://biomassmagazine.com/articles/16021/uk-renewable-energy-production-reaches-record-high-in-2018


Robotics,Reviewing Restoration Robotics (HAIR) & Repro-Med Systems (REPR),https://www.dispatchtribunal.com/2019/03/17/reviewing-restoration-robotics-hair-repro-med-systems-repr.html
Robotics,LET&#39;S TALK: Robotics for seniors a&#39;coming,https://www.nwaonline.com/news/2019/mar/17/robotics-for-seniors-a-coming-20190317/
Robotics,LET&#39;S TALK: Robotics for seniors a&#39;coming,https://www.arkansasonline.com/news/2019/mar/17/robotics-for-seniors-a-coming-20190317/
Robotics,Top local robot makers show their stuff at FIRST Robotics,https://www.whec.com/news/top-local-robot-makers-show-their-stuff-at-first-robotics/5281859/?cat=565
Robotics,"School,Mohali Requires.Tgt-Social Studies,Tgt-English,Robotics Traine (#1,38,88,60,580)",https://en-in.gigajob.com/job-offer-for-School-Mohali-Requires-Tgt-Social-Studies-Tgt-English-Robotics-Traine-in-Chandigarh-o1388860580


Mechatronics,System Engineer Mechatronics Leuven,http://netherlands.jobrat.net/2019/03/07/system-engineer-mechatronics-leuven-2/
Mechatronics,) Mechatronics Engineer,https://dejobs.org/colico-ita/mechatronics-engineer/A0461AD58B5E44E9A671721EC25C7704/job/?vs=25
Mechatronics,Cambridge Mechatronics : technologies integrated into Qualcomm's chips with TDK smartphone camera software controller,https://www.marketscreener.com/news/Cambridge-Mechatronics-technologies-integrated-into-Qualcomm-s-chips-with-TDK-smartphone-camera-so--28074052/
Mechatronics,"Linear Slides Market 2025: Top Key Players Holmarc Opto-Mechatronics (P) Ltd., Reliance Precision Ltd.",http://www.sbwire.com/press-releases/linear-slides-market-2025-top-key-players-holmarc-opto-mechatronics-p-ltd-reliance-precision-ltd-1157801.htm
Mechatronics,"Mechatronics and Robotics Courses Market Analysis, Share and Size, Trends, Industry Growth And Segment Forecasts To 2023",https://www.pressebox.de/inaktiv/market-research-future/Mechatronics-and-Robotics-Courses-Market-Analysis-Share-and-Size-Trends-Industry-Growth-And-Segment-Forecasts-To-2023/boxid/943041

Biomechanics,Biomechanics research more than just academic for student athlete,https://www.uah.edu/news/research/biomechanics-research-more-than-just-academic-for-student-athlete
Biomechanics,How A Running Biomechanics Screening Can Help Your Marathon Training,https://www.coachmag.co.uk/marathon-training/8045/how-a-running-biomechanics-screening-can-help-your-marathon-training
Biomechanics,Invitation: Swedish Society of Biomechanics meeting 20-21 March 2019,https://www.kth.se/aktuellt/kalender/invitation-swedish-society-of-biomechanics-meeting-20-21-march-2019-1.873662
Biomechanics,New study compares biomechanics of elite and recreational runners,https://www.news-medical.net/news/20190227/New-study-compares-biomechanics-of-elite-and-recreational-runners.aspx
Biomechanics,IAAF release results of second major biomechanics study from 2018 World indoor Championships,https://web5.insidethegames.biz/articles/1075697/iaaf-release-results-of-second-major-biomechanics-study-from-2018-world-indoor-championships

Manufacturing Engineering,AGM Manufacturing Engineering,https://en-in.gigajob.com/job-offer-for-AGM-Manufacturing-Engineering-in-India-o1374678417
Manufacturing Engineering,) Manufacturing Engineering Manager,https://dejobs.org/tamil-nadu-ind/manufacturing-engineering-manager/EDE244A81F844616872DAC04FD6B4BC4/job/?vs=25
Manufacturing Engineering,"AM/DM - Manufacturing Engineering (5-9 yrs) Delhi/Delhi NCR/Manesar (Production) (#1,36,46,42,144)",https://en-in.gigajob.com/job-offer-for-AM-Manufacturing-Engineering-5-9-yrs-Delhi-Delhi-NCR-Manesar-Production-in-Delhi-o1364642144
Manufacturing Engineering,"Manager - Manufacturing Engineering - Weld Shop (#1,36,41,66,628)",https://en-in.gigajob.com/job-offer-for-Manager-Manufacturing-Engineering-Weld-Shop-in-Chennai-o1364166628
Manufacturing Engineering,) Intern -- Manufacturing Engineering,https://dejobs.org/hauppauge-ny/intern-manufacturing-engineering/D15399EF8192480681CF620F504DC719/job/?vs=25

Astronautical Engineering,"Lecturer I (Aeronautical & Astronautical Engineering) at Afe Babalola University, Ado-Ekiti (ABUAD)",https://www.hotnigerianjobs.com/hotjobs/165149/lecturer-i-aeronautical-astronautical-engineering.html
Astronautical Engineering,"Lecturer II (Aeronautical & Astronautical Engineering) at Afe Babalola University, Ado-Ekiti (ABUAD)",https://www.hotnigerianjobs.com/hotjobs/165151/lecturer-ii-aeronautical-astronautical-engineering.html
Astronautical Engineering,"Senior Lecturer (Aeronautical & Astronautical Engineering) at Afe Babalola University, Ado-Ekiti (ABUAD)",https://www.hotnigerianjobs.com/hotjobs/165152/senior-lecturer-aeronautical-astronautical-enginee.html

Thermal Engineering,) Thermal Engineering Co-Op,https://dejobs.org/woburn-ma/thermal-engineering-co-op/7B4F39F2230A45759B68C345E68382E4/job/?vs=25
Thermal Engineering,) Thermal engineering intern,https://dejobs.org/hillsboro-or/thermal-engineering-intern/009DAB926ED0404092778F646FA4400F/job/?vs=25
Thermal Engineering,"Absorption Chiller Market Outlook to 2025 | Key Players – Broad Air Conditioning Co., Carrier Corporation, EAW Energieanlagenbau, Hyundai Climate Control Co., Robur Corporation, Trane, Yazaki Corporation, Johnson Controls, Kawasaki Thermal Engineering Co., and Thermax",https://empowerednews.net/absorption-chiller-market-outlook-to-2025-key-players-broad-air-conditioning-co-carrier-corporation-eaw-energieanlagenbau-hyundai-climate-control-co-robur-corporation-trane-yazaki-corporat/181450964/
Thermal Engineering,"Absorption Chiller Market Outlook, Share, Scope, Analysis and Forecast to 2025 | Broad Air Conditioning, Carrier Corporation, EAW Energieanlagenbau GmbH, Hyundai Climate Control Co., Robur Corporation, Trane Inc., Yazaki, Johnson Controls, Kawasaki Thermal Engineering Co., and Thermax Inc.",https://empowerednews.net/absorption-chiller-market-outlook-share-scope-analysis-and-forecast-to-2025-broad-air-conditioning-carrier-corporation-eaw-energieanlagenbau-gmbh-hyundai-climate-control-co-robur-corporation/181435039/
Thermal Engineering,"Absorption Chiller Market to 2025 | Technological Development, Market Dynamics, Application & Key Players – Thermax , Broad Air Conditioning Co. Ltd., Carrier , Hyundai Climate Control Co., Ltd., Robur , Trane ,Yazaki , Johnson Controls, Kawasaki Thermal Engineering Co., Ltd. , and",https://empowerednews.net/absorption-chiller-market-to-2025-technological-development-market-dynamics-application-key-players-thermax-broad-air-conditioning-co-ltd-carrier-hyundai-climate-control-co/181429934/


Fluid Dynamics,) Computational Fluid Dynamics Mechanical Engineer (Experienced),https://dejobs.org/livermore-ca/computational-fluid-dynamics-mechanical-engineer-experienced/88D7A0D940AC4A67B04C02A6487D9929/job/?vs=25
Fluid Dynamics,How to Optimize a Francis Turbine Design with Fluid Dynamics Simulation,https://www.simscale.com/blog/2019/02/francis-turbine-optimization/
Fluid Dynamics,How to Optimize a Francis Turbine Design with Fluid Dynamics Simulation,https://www.simscale.com/blog/2019/02/water-turbine-optimization/
Fluid Dynamics,Underlying Physics of Liquid Jet Cleaning Exposed Using Fluid Dynamics Simulation,https://www.azom.com/news.aspx?newsID=50330
Fluid Dynamics,Fluid dynamics simulation reveals the underlying physics of liquid jet cleaning,https://scienmag.com/fluid-dynamics-simulation-reveals-the-underlying-physics-of-liquid-jet-cleaning/

Automobile Engineering,"automobile engineering (#1,38,30,03,492)",https://en-in.gigajob.com/job-offer-for-automobile-engineering-in-Chennai-o1383003492
Automobile Engineering,"jaipur jcb motor Diploma ITI Automobile Engineering (#1,16,84,71,610)",https://en-in.gigajob.com/job-offer-for-jaipur-jcb-motor-Diploma-ITI-Automobile-Engineering-in-Faridabad-o1168471610
Automobile Engineering,"24000 CTC DIPLOMA Automobile Engineering JCB MOTOR (#1,16,63,83,586)",https://en-in.gigajob.com/job-offer-for-24000-CTC-DIPLOMA-Automobile-Engineering-JCB-MOTOR-in-Faridabad-o1166383586
Automobile Engineering,"TATA MOTOR B.TECH FRESHER Automobile Engineering (#1,16,05,08,013)",https://en-in.gigajob.com/job-offer-for-TATA-MOTOR-TECH-FRESHER-Automobile-Engineering-in-Jamshedpur-o1160508013
Automobile Engineering,mechanical and automobile engineering ( ME,https://en-in.gigajob.com/job-offer-for-mechanical-and-automobile-engineering-in-Delhi-o1155513164

Product Design,) Product Design/R & D Intern,https://dejobs.org/lancaster-pa/product-designr-d-intern/511FF7C9E4624E1CA512D899A1DC8888/job/?vs=25
Product Design,From Concept to Creation: The 10 Steps of Product Design,https://www.bytestart.co.uk/concept-to-creation-10-steps-product-design.html
Product Design,"Professional Spotlight: Frank Bach, Lead Product Design at Headspace",https://blog.appsee.com/professional-spotlight-frank-bach-lead-product-design-headspace/
Product Design,Huawei 5G Outdoor CPE Wins Red Dot Award: Product Design 2019,https://www.marketscreener.com/news/Huawei-5G-Outdoor-CPE-Wins-Red-Dot-Award-Product-Design-2019--28144923/
Product Design,PTC : A Giant Step for Mankind - Product Design for NewSpace,https://www.marketscreener.com/PTC-INC-12445262/news/PTC-A-Giant-Step-for-Mankind-Product-Design-for-NewSpace-28120841/

Reliability Engineering,"MTS - Site Reliability Engineering (Experience in vSphere, vCenter, vSAN,...",https://en-in.gigajob.com/job-offer-for-MTS-Site-Reliability-Engineering-Experience-vSphere-vCenter-vSAN-ESXi-Python-Java-Bengaluru-in-India-o1361337141
Reliability Engineering,"Reliability Engineering Summer Intern, San Jose",http://snapjobsearch.com/jobs/view/6112518/
Reliability Engineering,"JP Morgan Chase: Site Reliability Engineering Lead - Platform Services - at JP Morgan Chase (Jersey City, NJ) (Jersey City, NJ)",https://findbacon.com/job/site-reliability-engineering-lead-platform-services-at-jp-morgan-chase-jers
Reliability Engineering,) Site Reliability Engineering Manager,https://dejobs.org/bangalore-ind/site-reliability-engineering-manager/B929967C3ABE41668F14ABCE44A359C3/job/?vs=25
Reliability Engineering,Site Reliability Engineering,https://en-in.gigajob.com/job-offer-for-Site-Reliability-Engineering-in-Hyderabad-o1333530835

Aerospace Engineering,"Student Mechanical Engineering, Aerospace Engineering, Industrial Engineering or similar - Software tool facilitating the aircraft design",https://www.connecticum.de/Jobboerse/Student-Mechanical-Engineering-Aerospace-Engineering-Industrial-Engineering-or-similar-Software-tool-facilitating-the-aircraft-design-Stellenangebot-1194563.html
Aerospace Engineering,Global Aerospace Engineering Market Is Expected To Cross US$ 95 Billion By 2025,http://www.rundirectmagazine.com/global-aerospace-engineering-market-is-expected-to-cross-us-95-billion-by-2025-2/52209/
Aerospace Engineering,"Aerospace Engineering Market 2019 Latest Advancement and Precise Outlook-WS Atkins Plc, Bombardier, Cyient, Elbit Systems, Leonardo DRS",http://www.sbwire.com/press-releases/aerospace-engineering-market-2019-latest-advancement-and-precise-outlook-ws-atkins-plc-bombardier-cyient-elbit-systems-leonardo-drs-1154325.htm
Aerospace Engineering,Meet Nigerian lady who is the first black woman to bag PhD in Aerospace Engineering,https://www.tuko.co.ke/298932-meet-nigerian-lady-black-woman-bag-phd-aerospace-engineering.html
Aerospace Engineering,New Aerospace Engineering Doctorate at University of Central Florida to Support U.S. Space Program,http://spacecoastdaily.com/2019/02/new-aerospace-engineering-doctorate-at-university-of-central-florida-to-support-u-s-space-program/

Sustainability,VinylPlus Sustainability Forum to Explore Innovation in PVC Industry,https://www.azom.com/news.aspx?newsID=50723
Sustainability,Nestlé's plastic-free pouches and James Bond's electric car: The sustainability success stories of the week,https://www.edie.net/registration/regwall.asp?mid=115065&origin=https%3A%2F%2Fwww.edie.net%2Fnews%2F7%2FNestl--s-plastic-free-pouches-and-James-Bond-s-electric-Aston-Matin--The-sustainability-success-stories-of-the-week%2F&title=Nestl%C3%A9%27s%2Bplastic-free%2Bpouches%2Band%2BJames%2BBond%27s%2Belectric%2Bcar%3A%2BThe%2Bsustainability%2Bsuccess%2Bstories%2Bof%2Bthe%2Bweek
Sustainability,Senior – Climate Change & Sustainability Services – Ernst & Young,http://jordan.jobrat.net/2019/03/17/senior-climate-change-sustainability-services-ernst-young/
Sustainability,"As budget cuts hurt sustainability efforts, students join global climate strike",https://dailynorthwestern.com/2019/03/16/lateststories/as-budget-cuts-hurt-sustainability-efforts-students-join-global-climate-strike/
Sustainability,Sustainability will decide where ISL crown rests,http://www.navhindtimes.in/sustainability-will-decide-where-isl-crown-rests/

